id,code,name,province,altitude,latitude,longitude,synop_code,created_at,updated_at
45,C018J,TAS,LAS PALMAS,376,285811N,134125W,"",2025-05-05 18:26:08.192591,2025-05-05 18:26:08.192591
46,C019V,YAIZA PLAYA BLANCA,LAS PALMAS,6,285132N,135006W,"",2025-05-05 18:26:08.193566,2025-05-05 18:26:08.193566
47,C029O,LANZAROTE AEROPUERTO,LAS PALMAS,14,285707N,133601W,60040,2025-05-05 18:26:08.194572,2025-05-05 18:26:08.194572
49,C048W,TINAJO,LAS PALMAS,275,290233N,134051W,"",2025-05-05 18:26:08.196875,2025-05-05 18:26:08.196875
59,C239N,"TUINEJE,PUERTO GRAN TARAJAL",LAS PALMAS,1,281231N,140123W,"",2025-05-05 18:26:08.205618,2025-05-05 18:26:08.205618
60,C248E,ANTIGUA,LAS PALMAS,252,282501N,140109W,"",2025-05-05 18:26:08.206507,2025-05-05 18:26:08.206507
61,C249I,FUERTEVENTURA AEROPUERTO,LAS PALMAS,25,282641N,135147W,60035,2025-05-05 18:26:08.207389,2025-05-05 18:26:08.207389
62,C258K,LA OLIVA,LAS PALMAS,217,283645N,135554W,"",2025-05-05 18:26:08.208197,2025-05-05 18:26:08.208197
48,C038N,HARÍA,LAS PALMAS,277,290837N,132921W,"",2025-05-05 18:26:08.195778,2025-05-05 18:26:08.195778
58,C229J,PÁJARA,LAS PALMAS,15,280257N,142129W,"",2025-05-05 18:26:08.204613,2025-05-05 18:26:08.204613
113,C611E,VEGA DE SAN MATEO,LAS PALMAS,1702,275836N,153502W,"",2025-05-05 18:26:08.260665,2025-05-05 18:26:08.260665
114,C612F,"TEJEDA, CRUZ DE TEJEDA",LAS PALMAS,1514,280025N,153556W,"",2025-05-05 18:26:08.261729,2025-05-05 18:26:08.261729
115,C614H,TEJEDA,LAS PALMAS,1060,275942N,153657W,60038,2025-05-05 18:26:08.262904,2025-05-05 18:26:08.262904
117,C619X,AGAETE,LAS PALMAS,5,280604N,154246W,"",2025-05-05 18:26:08.265997,2025-05-05 18:26:08.265997
119,C623I,"SAN BARTOLOME TIRAJANA, CUEVAS DEL PINAR",LAS PALMAS,1220,275536N,153559W,"",2025-05-05 18:26:08.268135,2025-05-05 18:26:08.268135
120,C625O,"SAN BARTOLOME TIRAJANA, LOMO PEDRO ALFONSO",LAS PALMAS,806,275125N,153842W,"",2025-05-05 18:26:08.269142,2025-05-05 18:26:08.269142
124,C635B,"SAN BARTOLOME TIRAJANA, LAS TIRAJANAS",LAS PALMAS,960,275512N,153427W,"",2025-05-05 18:26:08.273572,2025-05-05 18:26:08.273572
125,C639M,"MASPALOMAS, C. INSULAR TURISMO ",LAS PALMAS,45,274529N,153432W,"",2025-05-05 18:26:08.274527,2025-05-05 18:26:08.274527
126,C639U,"SAN BARTOLOME TIRAJANA, EL MATORRAL",LAS PALMAS,41,274845N,152711W,"",2025-05-05 18:26:08.275554,2025-05-05 18:26:08.275554
128,C648N,"TELDE, CENTRO FORESTAL DORAMAS",LAS PALMAS,344,275915N,152728W,"",2025-05-05 18:26:08.277640,2025-05-05 18:26:08.277640
129,C649I,GRAN CANARIA AEROPUERTO,LAS PALMAS,24,275504N,152343W,60030,2025-05-05 18:26:08.278674,2025-05-05 18:26:08.278674
130,C649R,"TELDE, MELENARA",LAS PALMAS,9,275912N,152240W,"",2025-05-05 18:26:08.279798,2025-05-05 18:26:08.279798
131,C656V,TEROR,LAS PALMAS,683,280431N,153250W,"",2025-05-05 18:26:08.281080,2025-05-05 18:26:08.281080
132,C658L,LAS PALMAS DE G.C. (TAFIRA CMT),LAS PALMAS,269,280430N,152703W,"",2025-05-05 18:26:08.282287,2025-05-05 18:26:08.282287
133,C658X,"LAS PALMAS DE GRAN CANARIA, TAFIRA",LAS PALMAS,269,280441N,152712W,"",2025-05-05 18:26:08.283380,2025-05-05 18:26:08.283380
134,C659H,"LAS PALMAS DE GRAN CANARIA, SAN CRISTOBAL",LAS PALMAS,55,280523N,152458W,60029,2025-05-05 18:26:08.284682,2025-05-05 18:26:08.284682
127,C648C,AGUIMES,LAS PALMAS,306,275409N,152714W,"",2025-05-05 18:26:08.276525,2025-05-05 18:26:08.276525
122,C629Q,"MOGAN, PUERTO RICO",LAS PALMAS,10,274648N,154240W,"",2025-05-05 18:26:08.271265,2025-05-05 18:26:08.271265
121,C628B,"LA ALDEA DE SAN NICOLAS, TASARTE",LAS PALMAS,318,275432N,154612W,"",2025-05-05 18:26:08.270163,2025-05-05 18:26:08.270163
118,C619Y,LA ALDEA DE SAN NICOLAS,LAS PALMAS,13,280004N,154827W,60027,2025-05-05 18:26:08.267075,2025-05-05 18:26:08.267075
116,C619I,LA ALDEA DE SAN NICOLAS,LAS PALMAS,10,280003N,154850W,60027,2025-05-05 18:26:08.264532,2025-05-05 18:26:08.264532
123,C629X,"MOGAN, PUERTO",LAS PALMAS,10,274859N,154551W,60036,2025-05-05 18:26:08.272576,2025-05-05 18:26:08.272576
135,C659M,"LAS PALMAS DE GRAN CANARIA, PL. DE LA FERIA",LAS PALMAS,15,280647N,152517W,60032,2025-05-05 18:26:08.286380,2025-05-05 18:26:08.286380
136,C665T,VALLESECO,LAS PALMAS,900,280356N,153356W,"",2025-05-05 18:26:08.287816,2025-05-05 18:26:08.287816
137,C668V,AGAETE - SUERTE ALTA,LAS PALMAS,352,280540N,154030W,"",2025-05-05 18:26:08.289604,2025-05-05 18:26:08.289604
138,C669B,ARUCAS,LAS PALMAS,86,280830N,153024W,"",2025-05-05 18:26:08.290655,2025-05-05 18:26:08.290655
139,C689E,MASPALOMAS,LAS PALMAS,6,274409N,153545W,60037,2025-05-05 18:26:08.291712,2025-05-05 18:26:08.291712
140,C839I,TEGUISE,LAS PALMAS,10,291355N,133007W,"",2025-05-05 18:26:08.292765,2025-05-05 18:26:08.292765
141,C839X,LA GRACIOSA,LAS PALMAS,19,291347N,133037W,60045,2025-05-05 18:26:08.293749,2025-05-05 18:26:08.293749
